{"cameraMode":{"drawMode":0,"name":"Shaded","section":"Shading Mode"},"sceneLighting":true,"audioPlay":false,"sceneViewState":{"showFog":true,"showMaterialUpdate":false,"showSkybox":true,"showFlares":true,"showImageEffects":true,"showParticleSystems":true},"in2DMode":false,"pivot":{"x":-4.30118989944458,"y":-13.928321838378907,"z":18.52267837524414},"rotation":{"x":0.30078086256980898,"y":-0.21390163898468018,"z":0.06942892074584961,"w":0.9268153309822083},"size":46.66719436645508,"orthographic":false}